<beans 
	xmlns="http://www.springframework.org/schema/beans"
	xmlns:context="http://www.springframework.org/schema/context"
	 xmlns:mvc="http://www.springframework.org/schema/mvc"
	xmlns:xsi="http://www.w3.org/2001/XMLSchema-instance"
	 xsi:schemaLocation = "
   http://www.springframework.org/schema/beans     
   http://www.springframework.org/schema/beans/spring-beans-3.0.xsd
   http://www.springframework.org/schema/context 
   http://www.springframework.org/schema/context/spring-context-3.0.xsd
   http://www.springframework.org/schema/mvc
   http://www.springframework.org/schema/mvc/spring-mvc-3.0.xsd">



	<context:component-scan base-package="com.sms.controller" />

	<bean
		class="org.springframework.web.servlet.view.InternalResourceViewResolver">
		<property name="prefix" value="/WEB-INF/jsp/" />
		<property name="suffix" value=".jsp" />
	</bean>
	<mvc:annotation-driven />
	<bean
		class="org.springframework.context.support.ResourceBundleMessageSource"
		id="messageSource">
		<property name="basename" value="messages" />
	</bean>
	<bean id="UserDAO" class="com.sms.persistant.dao.UserDAO"></bean>
	<bean id="CourseDAO" class="com.sms.persistant.dao.CourseDAO"></bean>
	<bean id="StudentCourseDAO" class="com.sms.persistant.dao.StudentCourseDAO"></bean>
	<bean id="StudentDAO" class="com.sms.persistant.dao.StudentDAO"></bean>
	
	 <mvc:resources mapping="/resources/**" location="/resources/" cache-period="31556926"/>
</beans>